id,title,published_on,source,url,categories,tags,lang,source_name,body,body_length,has_image,imageurl,upvotes,downvotes
67663562,Strategy to increase Bitcoin sales to $5B – Will the 4X selling pressure affect BTC?,2026-08-01 20:00:47,ambcrypto,https://ambcrypto.com/strategy-to-increase-bitcoin-sales-to-5b-will-the-4x-selling-pressure-affect-btc/,BTC|MARKET|CRYPTOCURRENCY,Bitcoin|News|Social|Trading View|ambcrypto,EN,AMB Crypto,Will BTC's largest whale affect the market with its selling plans?,66,Yes,https://images.cryptocompare.com/news/default/ambcrypto.png,0,0
67663532,"Can XRP Price Could Hit $1,000? Top Trader Presents What to Watch",2026-08-01 20:00:06,timestabloid,https://timestabloid.com/can-xrp-price-could-hit-1000-top-trader-presents-what-to-watch/,BUSINESS|MARKET|TRADING|XRP|CRYPTOCURRENCY,Cryptocurrency|News|XRP|XRP Price|XRP Price Prediction,EN,TimesTabloid,"Digital Asset Investor recently shared his perspective on what investors should monitor when evaluating the possibility of significantly higher XRP valuations, including projections above $1,000 . Rather than focusing on price speculation alone, the commentator highlighted a specific regulatory milestone that could determine whether such targets become more realistic. Accompanying his tweet was a video discussing a thread by community member XRPLAdam. He emphasized that the thread stood out because it presented a measurable event that investors could monitor instead of relying on unsupported predictions. The video centered on the idea that XRP’s future valuation may depend less on market sentiment and more on whether it secures a defined role within financial infrastructure. XRP $1,000+: What To Watch Watch The Full Youtube Video Here: https://t.co/pNAuHnPn82 pic.twitter.com/nEDwNqoPDA — Digital Asset Investor (@digitalassetbuy) July 30, 2026 Collateral Recognition Described as the Key Development During the video, Digital Asset Investor quoted XRPLAdam’s argument that XRP is currently the only major cryptocurrency capable of passing a compliance review on paper. He explained that the thread examined price targets ranging from $10 to $1,000 but stressed that investors should focus on one development before considering any of those figures. According to the discussion, the primary event to watch is the appearance of XRP in an official collateral schedule. Digital Asset Investor explained that the thread argues everything else remains secondary until such recognition occurs. The reasoning presented is that formal inclusion in a collateral framework would allow XRP to be legally used as collateral, representing a significant step beyond its current use cases. He further noted that, based on XRPLAdam’s analysis, once that milestone is achieved, price targets that currently appear unrealistic could begin to look more plausible. Rather than presenting the prediction as a certainty, Digital Asset Investor framed it as a testable thesis, since it depends on a specific event that may or may not occur. We are on X, follow us to connect with us :- @TimesTabloid1 — TimesTabloid (@TimesTabloid1) June 15, 2025 Community Reactions Remain Divided The post generated mixed reactions from members of the XRP community. While some welcomed the possibility of substantially higher prices, others questioned whether such valuations could realistically be achieved. One user, Ironbluedevil, expressed support for XRP as an asset but felt a price of $1,000 was excessive. The comment reflected the cautious stance held by some investors who believe XRP has long-term potential but remain skeptical of four-digit price forecasts. Others responded with greater optimism. Community member Cas stated that “XRP $1000 IS ABOUT TIME,” reflecting confidence that the asset could eventually reach that level. Digital Asset Investor’s post did not claim that XRP would inevitably reach $1,000 . Instead, the video directed attention toward a specific regulatory and institutional development that supporters believe could play an important role in determining XRP’s long-term valuation. By focusing on the potential recognition of XRP as eligible collateral, the discussion shifted from speculative price targets to a milestone that advocates argue investors can monitor over time. Disclaimer : This content is meant to inform and should not be considered financial advice. The views expressed in this article may include the author’s personal opinions and do not represent Times Tabloid’s opinion. Readers are advised to conduct thorough research before making any investment decisions. Any action taken by the reader is strictly at their own risk. Times Tabloid is not responsible for any financial losses. Follow us on X , Facebook , Telegram , and Google News The post Can XRP Price Could Hit $1,000? Top Trader Presents What to Watch appeared first on Times Tabloid .",3980,Yes,https://resources.cryptocompare.com/news/67/default.png,0,0
67663020,Negative Comments About Bitcoin Have Reached Record Levels: What Does This Mean?,2026-08-01 19:52:06,bitcoinsistemi,https://en.bitcoinsistemi.com/negative-comments-about-bitcoin-have-reached-record-levels-what-does-this-mean/,ALTCOIN|BTC|BUSINESS|MARKET|CRYPTOCURRENCY,Analysis|Bitcoin|News,EN,BitcoinSistemi,"Cryptocurrency analytics company Santiment has announced that negative sentiment regarding Bitcoin on social media has reached historical levels. According to the company’s data, the ratio of positive to negative comments about Bitcoin on X, Reddit, Telegram, and other platforms has fallen to its lowest level since Santiment began using its modern social media monitoring system. Santiment cited a firmware vulnerability affecting Coldcard devices as one of the main reasons for the fear in the market. The incident reportedly particularly shook investors because the attack directly called into question personal storage and cold wallet systems, which many investors consider the most secure method for protecting their crypto assets. Related News: Arthur Hayes Sold a Large Amount of Ethereum and Two Altcoins The analytics company recalled that there have been much larger-scale crises in the past, such as the FTX and Mt. Gox crashes and the “Black Thursday” during the COVID-19 pandemic. However, it was stated that the Coldcard incident had a different impact on individual investors. According to Santiment, this time the discussions focused more on the security of hardware and cold wallets in general, rather than on the often-criticized centralized exchanges, bridges, or leveraged trading platforms. According to the data, for every 1 negative comment about Bitcoin, there are only 0.58 positive comments. Thus, fear has historically surpassed greed by a significant margin. Santiment noted that the data currently only covers a one-day period. Nevertheless, it stated that the current level of panic is higher than the peak of war fears seen earlier in the year and the social media panic recorded during past major crypto crises. *This is not investment advice. Continue Reading: Negative Comments About Bitcoin Have Reached Record Levels: What Does This Mean?",1875,Yes,https://resources.cryptocompare.com/news/81/67663020.jpeg,0,0
67663130,Chainlink trades between $8.08 and $8.23 as resistance at $8.20 holds,2026-08-01 19:50:58,cointurken,https://en.coin-turk.com/chainlink-trades-between-8-08-and-8-23-as-resistance-at-8-20-holds/?utm_source=rss&utm_medium=rss&utm_campaign=chainlink-trades-between-8-08-and-8-23-as-resistance-at-8-20-holds,LINK|CRYPTOCURRENCY,Chainlink (LINK),EN,CoinTurk News,"🚨 Chainlink hits narrow range between $8.08 and $8.23 as $8.20 resistance holds. 📉 Daily trade volume stands near $143 million, with sellers defending the upper band. 📊 $LINK could trend down to $7.65 if short-term support fails in coming sessions. 🕒 Chainlink has not recovered from its drop since the September 2025 peak above $24. Continue Reading: Chainlink trades between $8.08 and $8.23 as resistance at $8.20 holds The post Chainlink trades between $8.08 and $8.23 as resistance at $8.20 holds appeared first on COINTURK NEWS .",534,Yes,https://resources.cryptocompare.com/news/79/67663130.jpeg,0,0
67663551,Berkshire Hathaway shares reached an eight-month high this week,2026-08-01 19:50:24,cryptopolitan,https://www.cryptopolitan.com/why-berkshire-hathaway-stock-rallying-today/,BUSINESS|MARKET|TECHNOLOGY|TRADING|CRYPTOCURRENCY,Business|Berkshire Hathaway,EN,Cryptopolitan,"Berkshire Hathaway’s stock (NYSE: BRK.A, BRK.B) is rallying today because the company still trails the wider market, trades below last year’s richer valuation, holds almost $400 billion in cash, and may have bought back billions of dollars of its own shares. Barron’s reported that the rally carried the conglomerate to an eight-month high this week. The gain also came while technology shares fell, drawing money toward a large defensive company with businesses in insurance, rail, energy, manufacturing, retail, and finance. The Class B shares closed Tuesday at $512.37, their best finish since November 28, when they ended at $513.81. They had closed Friday at $511.54, or 5.2% below the record close of $539.80 set on May 2, 2025. That record came one day before Warren Buffett said he would leave the CEO job at the end of 2025. The Class A shares ended Tuesday at $768,010, also their highest close since November 28’s $770,100. Friday’s Class A close of $766,600 was 5.3% under its record of $809,350. Berkshire Hathaway attracts buyers as tech falls and UBS raises its target Both Berkshire share classes are up only about 1% in 2026, compared with a return of roughly 9% for the S&P 500. The company has also trailed stocks connected to two of its largest operations. Union Pacific (NYSE: UNP), the closest listed comparison for BNSF, has gained about 30% this year. Chubb (NYSE: CB), a major property and casualty insurer, has also posted a much larger gain. UBS Group (NYSE: UBS) analyst Brian Meredith raised his Class A price target by 3%, taking it to $877,848 from $854,596, while keeping a Buy rating. That target is about 15% above the share price used in his report. Brian estimated Berkshire’s intrinsic value at nearly $800,000 per Class A share, around 5% above the current price. Brian also raised his profit forecasts. His 2026 estimate for the Class B shares increased 1.3% to $21.05, while his 2027 figure rose 0.8% to $21.32. He cited “modestly higher earnings at BNSF and lower catastrophe losses” during the second quarter. The disaster-loss figure relates to Berkshire’s large property and casualty insurance business. Berkshire Hathaway (NYSE: BRK.A, BRK.B) now trades at about 1.4 times an estimated book value of roughly $535,000 per Class A share. The earlier estimate for the end of the second quarter was about $522,000. The current ratio sits near the lower end of its range in recent years and below the 1.8 times recorded in May 2025, when Class A traded near $810,000. The company is due to publish its second-quarter results within the next two weeks. That report will include shareholder equity and an updated book-value figure. Berkshire’s cash balance is also helping the stock while traders cut technology exposure. The Technology Select Sector SPDR Fund (NYSE Arca: XLK) fell another 2% Tuesday, and Berkshire has often traded against the tech sector’s direction this year. Rail, insurance, buybacks, and stock holdings add support to Berkshire Hathaway Brian said Berkshire appeared to repurchase about $8.5 billion of its stock during the second quarter, based on an ownership filing from Warren. He called the possible purchase a “bullish sign.” It would rank among the company’s largest quarterly buybacks. Barron’s placed the likely total between $5 billion and $11 billion after reviewing the filing earlier this month. There is no peer comparison on the open market for Berkshire Hathaway since the stock is valued at around $1.1 trillion and consists of a diversified portfolio of businesses. However, there are some stocks related to Berkshire that have performed much better than the latter. The railroad company CSX (NASDAQ: CSX), for instance, is up by more than 50% this year. Berkshire also controls the world’s largest property and casualty insurance capital base. Its insurance companies include auto insurer Geico and reinsurer Gen Re. Listed insurers have posted strong gains, with Chubb and Everest Group (NYSE: EG) rising about 15% to 20%. The listed stock portfolio has added more value during the quarter and across 2026. CNBC’s portfolio tracker puts its size near $360 billion. Apple (NASDAQ: AAPL), Berkshire’s largest holding, reached a new high Tuesday near $340 and is up about 25% this year. The position is worth roughly $77 billion. Coca-Cola (NYSE: KO) also reached a record on Tuesday after reporting second-quarter earnings. Its shares rose about 6% that day, traded near $89, and brought their yearly gain close to 29%. Berkshire owns more than $35 billion of the stock. Bank of America (NYSE: BAC) reached a 52-week high on Monday and has gained about 10% this year. Berkshire’s stake is valued at above $30 billion. The smartest crypto minds already read our newsletter. Want in? Join them .",4773,Yes,https://resources.cryptocompare.com/news/43/67663551.jpeg,0,0
67661621,"XRP Price Dips to ‘Battlefield’ Zone, but Analysts See Major Reversal Opportunity",2026-08-01 19:27:08,cryptopotato,https://cryptopotato.com/xrp-price-dips-to-battlefield-zone-but-analysts-see-major-reversal-opportunity/,BTC|MARKET|TRADING|XRP|CRYPTOCURRENCY,Crypto Bits|Crypto News|Ripple (XRP) Price,EN,Crypto Potato,"Perhaps due to the quickly re-escalating tension in the Middle East, the cryptocurrency market has posted fresh losses over the past few hours, with BTC dropping to $62,000 after failing to reclaim the $63,000 support during the day. XRP was not spared, as it just slipped below $1.05. The asset was rejected at $1.20 during the mid-July rally after the favorable US inflation data for June, and eventually lost the coveted $1.10 support. Now, it fights for the last line of defense before the bulls would have to defend the $1.00 zone. Popular analyst EGRAG CRYPTO outlined the significance of the $1.05 level, calling it the ‘battlefield’ region. Although he noted earlier today that the cross-border token had managed to maintain that level, he acknowledged the predominantly bearish structure of lower highs on the 4-hour chart. The short-term path of recovery would be a successful defense of $1.05 before XRP can bounce above $1.083 and eventually reclaim the $1.10 level, which now acts as resistance. EGRAG laid out an even more promising road ahead for the asset if it manages to continue its recovery, with the “major price target” set at $1.30. However, a decisive breakdown below $1.05 would essentially mean that XRP will head toward the notable liquidity zone at around $1.00, he warned . Mikybull Crypto also believes XRP has the strength to stage a surprising comeback. The analyst claimed that the asset’s bullish reversal run is currently loading despite the negative outlook. His long-term chart compares the current market structure with the one from two years ago when XRP was highly compressed at around $0.60. Once it broke out the upper boundary, though, it rocketed to a fresh all-time high within less than a year. “Before the last run, I screamed for you to buy at a crazy discount. The opportunity is presenting again,” he said now. History is not on XRP’s side at the moment, though, as August has been quite a painful month for the asset. As reported earlier today, the cross-border token was deep in the red in all four previous editions. The post XRP Price Dips to ‘Battlefield’ Zone, but Analysts See Major Reversal Opportunity appeared first on CryptoPotato .",2193,Yes,https://resources.cryptocompare.com/news/27/67661621.jpeg,0,0
67661405,"Crypto Patel warns of Bitcoin dominance drop to 43%, potential altcoin rally",2026-08-01 19:26:00,cointurken,https://en.coin-turk.com/crypto-patel-warns-of-bitcoin-dominance-drop-to-43yuzde-potential-altcoin-rally/?utm_source=rss&utm_medium=rss&utm_campaign=crypto-patel-warns-of-bitcoin-dominance-drop-to-43yuzde-potential-altcoin-rally,ALTCOIN|BTC|BUSINESS|TRADING|CRYPTOCURRENCY,Bitcoin (BTC),EN,CoinTurk News,"📉 Bitcoin Dominance may fall to 43% after technical breakdown, says Crypto Patel. 🟢 Traders see a possible $BTC pause as altcoins prepare for a potential rally. 📊 Recent cycles in 2018 and 2021 marked similar drops, but market conditions now differ. 🧐 Investors are closely following Bitcoin Dominance alongside Bitcoin's price action. Continue Reading: Crypto Patel warns of Bitcoin dominance drop to 43%, potential altcoin rally The post Crypto Patel warns of Bitcoin dominance drop to 43%, potential altcoin rally appeared first on COINTURK NEWS .",550,Yes,https://resources.cryptocompare.com/news/79/67661405.jpeg,0,0
67660917,Bitcoin Slides 45% From October Record,2026-08-01 19:17:58,coinotag,https://en.coinotag.com/bitcoin-slides-45-from-october-record,BTC|EXCHANGE|BNB|CRYPTOCURRENCY,Crypto News,EN,CoinOtag,"Crypto News Bitcoin (BTC) is changing hands near $63K, about 45% below its October 6 record, and Binance founder Changpeng Zhao says the weakness is not caused by a missing pool of capital. In an A...",200,Yes,https://resources.cryptocompare.com/news/77/67660917.jpeg,0,0
67661144,Hyperliquid (HYPE) Price at Risk as Bears Target the $48 Support—Will Buyers Step In?,2026-08-01 19:17:22,coinpedia,https://coinpedia.org/price-analysis/hyperliquid-hype-price-at-risk-as-bears-target-the-48-support-will-buyers-step-in/,ALTCOIN|MARKET|TRADING|CRYPTOCURRENCY,Price Analysis|Altcoins,EN,coinpedia,"The post Hyperliquid (HYPE) Price at Risk as Bears Target the $48 Support—Will Buyers Step In? appeared first on Coinpedia Fintech News The Hyperliquid (HYPE) price traded at $52.06 at press time, down nearly 1%, while daily trading volume remained subdued at around 26.97K HYPE. Despite maintaining a multi-billion-dollar market capitalisation, the token has extended its recent correction after failing to hold above a key support zone near $54, shifting market sentiment toward sellers. The latest decline …",510,Yes,https://images.cryptocompare.com/news/default/coinpedia.png,0,0
67660679,"Japan, US Plot Yen Rescue as Speculators Face Reckoning",2026-08-01 19:14:24,bitcoin.com,https://news.bitcoin.com/finance/japan-us-plot-yen-rescue-as-speculators-face-reckoning/,ASIA|FIAT,Finance|Japan|Scott Bessent|United States US|US Dollar|yen,EN,Bitcoin.com,"Japan and the United States are preparing to unveil a joint policy as early as next week to stop speculators from driving the Japanese yen to fresh multi-decade lows. Japan Strikes First, Buying Nearly $59 Billion in a Day The move follows a dramatic week of currency action. On July 30, Japan’s Ministry of Finance",315,Yes,https://resources.cryptocompare.com/news/14/67660679.jpeg,0,0
67660980,Strive's Joe Burnett proposes custody solution after after 'worst week in Bitcoin history',2026-08-01 19:10:48,cryptopolitan,https://www.cryptopolitan.com/strive-burnett-institution-custody-coldcard/,BTC|EXCHANGE|BNB|MACROECONOMICS|CRYPTOCURRENCY,News|ASST|BTC|Coldcard|SATA,EN,Cryptopolitan,"The Vice President of Bitcoin Strategy at Strive, Joe Burnett, described the past week as “possibly one of the worst weeks in the history of Bitcoin.” The statement suggested that large holders ought to trust institutional custodians more than hardware wallets. Why did Strive’s VP of strategy call out the worst week in Bitcoin’s history? A firmware exploit led to the loss of ~1,082 BTC, worth about $70 million, from Coldcard hardware wallets. The theft caused Burnett to warn large holders about hardware wallets, encouraging institutional custodians instead. The thief pounced on weak seed randomness before carting away users’ funds. The flaw was found in version 4.0.0. Coinkite shipped that version from a code commit on March 1, 2021, and patched it in version 4.21. Coinkite is the company behind Coldcard. The price of Bitcoin stayed more or less the same, hovering around $63,000 through the weekend. Although Santiment recorded the most negative Bitcoin social sentiment ever, a reaction that could be traced to the horror of watched-over keys failing. Why Burnett says the setup was more critical than the mistake What caused Burnett to be uneasy wasn’t carelessness per se. According to Burnett , victims of the attack purchased a genuine device, generating their seed offline and sticking to the recommended playbook, but still lost their coins. He surmised that a self-custody arrangement with a single point of failure is not strong enough and can break in different ways. Burnett differentiated between the risk of a self-custody arrangement and how institutional custodians operate. In his view, large firms like Fidelity and BitGo operate differently from the exchange minefield of the pre-COVID era. Burnett bluntly stated that institutional custodians look to avoid the same trap. CZ, the founder of Binance, responded to the same attack by urging holders to spread their coins across wallets as “nothing is 100%.” Strive’s position in the Bitcoin trade Strive is a company built around holding Bitcoin. Strive trades on the Nasdaq with the ASST ticker, with Matt Cole as its CEO. The company ranks as the seventh-largest public company holder with 20,000 BTC valued at nearly $1.3 billion as of late July. Burnett is one of Bitcoin’s loudest proponents. He predicts Bitcoin will be at $11 million per Bitcoin by Q1 of 2036. He posits that AI-driven deflation will force central banks to keep expanding the money supply, which will lead to such prices. The smartest crypto minds already read our newsletter. Want in? Join them .",2551,Yes,https://resources.cryptocompare.com/news/43/67660980.jpeg,0,0
67660229,The Founder of Today’s Most-Talked-About Altcoin Sold Nearly All of His Tokens,2026-08-01 19:07:06,bitcoinsistemi,https://en.bitcoinsistemi.com/the-founder-of-today-s-most-talked-about-altcoin-sold-nearly-all-of-his-tokens/,ALTCOIN|BUSINESS|ETH|BNB|CRYPTOCURRENCY,Altcoin|News,EN,BitcoinSistemi,"Notable selling activity has occurred in the ASTEROID token, reportedly launched by a former BNB Chain employee. According to the on-chain analytics platform Lookonchain, the token’s developer made a profit of approximately $628,000 by selling a significant portion of their holdings. According to shared data, a former BNB Chain employee purchased ASTEROID tokens through four newly opened wallets after creating the token. These wallets bought a total of 796.7 million ASTEROID tokens for $10,000. The amount purchased represented 79.67% of ASTEROID’s total supply. The developer, who controlled the majority of the token supply, subsequently sold 718.8 million ASTEROID on the market. Related News: Arthur Hayes Sold a Large Amount of Ethereum and Two Altcoins A total of 1,103 BNB, or approximately $638,000, was generated from the sales. After deducting the $10,000 spent on the initial purchase, the profit from the transactions was calculated to be approximately $628,000. BNB Chain previously announced that a former employee had maintained unauthorized access to the seed phrase associated with the company’s official test wallet and used this access to mine a memecoin called ASTEROID. The company emphasized that ASTEROID was not created, authorized, or supported by BNB Chain. BNB Chain also announced that legal action had been initiated against the former employee and that they were cooperating with relevant public authorities. *This is not investment advice. Continue Reading: The Founder of Today’s Most-Talked-About Altcoin Sold Nearly All of His Tokens",1572,Yes,https://resources.cryptocompare.com/news/81/67660229.jpeg,0,0
